{"minzoom":0,"maxzoom":8,"center":[23.203125,-18.644938,8.0],"bounds":[-180.0,-85.051129,180.0,-17.763066]}