{"minzoom":0,"maxzoom":9,"center":[28.476563,-22.268386,9.0],"bounds":[-180.0,-85.051129,180.0,-17.763066]}