{"minzoom":0,"maxzoom":8,"center":[27.421875,-21.287915,8.0],"bounds":[-180.0,-85.051129,180.0,-17.763066]}